"Status","Start Time","Stop Time","Duration in ms","Parent Suite","Suite","Sub Suite","Test Class","Test Method","Name","Description"
"passed","Thu Apr 04 16:44:52 GMT 2024","Thu Apr 04 16:44:52 GMT 2024","244","Dragon Tests","Smoke tests","tests.NavigationTest","tests.NavigationTest","testNavigateToSubMenuItems","TC0002 Verify that the user can navigate within the application.",""
"passed","Thu Apr 04 16:33:38 GMT 2024","Thu Apr 04 16:33:44 GMT 2024","6018","Dragon Tests","Smoke tests","tests.NewCustomerStreaksTest","tests.NewCustomerStreaksTest","testStreaksModalWindowTextVerification","TC1343-02 - Verification of Text in the 'Streaks' Modal Window","LMS-1343 Отработка streaks. https://app.qase.io/plan/LMS/1?case=1343Objective: To confirm that the user can view points greater than 0 and the text indicating the number of streak days in the modal window."
"passed","Thu Apr 04 16:51:01 GMT 2024","Thu Apr 04 16:51:03 GMT 2024","1332","Dragon Tests","Smoke tests","tests.StudyThisTest","tests.StudyThisTest","testModalWindowStudyIsOpened","TC1342-01 The modal window is open when clicking the Study This button","LMS-1342 https://app.qase.io/plan/LMS/1?case=1342To verify the modal window is open when clicking the Study This button."
"passed","Thu Apr 04 16:43:08 GMT 2024","Thu Apr 04 16:43:29 GMT 2024","20722","Dragon Tests","Smoke tests","tests.HomeTest","tests.HomeTest","testUponClickingCheckboxPointsCountIncreases","TC1365-01 - Upon clicking the empty checkbox, the point count increases.","LMS-1365 Начисление points. https://app.qase.io/plan/LMS/1?case=1365  Objective: Verify that user points increase when you click on the empty checkbox."
"passed","Thu Apr 04 16:34:33 GMT 2024","Thu Apr 04 16:34:38 GMT 2024","4297","Dragon Tests","Smoke tests","tests.BronzeSubscriptionTest","tests.BronzeSubscriptionTest","testNotRunDomainsTestsLimitValidation","TC1346-01 - User can’t run Domains tests if requested amount of questions exceeds the available amount of questions in the test","LMS-1346 Доступность для юзера доменов в тестах. Invalid. https://app.qase.io/case/LMS-1346  To verify that the user cannot run tests if the entered amount of questions exceeds the actual number of questions in the test section."
"passed","Thu Apr 04 16:36:35 GMT 2024","Thu Apr 04 16:36:47 GMT 2024","11936","Dragon Tests","Smoke tests","tests.FlashcardPacksTest","tests.FlashcardPacksTest","testUserCanLeaveNoMark","TC1374-01 - Possibility to leave a “No” mark.","LMS-1374 Возможность оставлять пометки no. https://app.qase.io/plan/LMS/1?case=1374  Objective: Verify that the user can successfully leave a 'No' mark on a flashcard when the card is turned."
"passed","Thu Apr 04 16:35:59 GMT 2024","Thu Apr 04 16:36:06 GMT 2024","6513","Dragon Tests","Smoke tests","tests.FlashcardPacksTest","tests.FlashcardPacksTest","testStartRandomFlashCardPack","TC1367-01 - Verify that the user can start a flashcard pack.","LMS-1367 Запуск стопки. https://app.qase.io/plan/LMS/1?case=1367  Objective: To confirm that users can successfully initiate a flashcard pack for studying."
"passed","Thu Apr 04 16:46:12 GMT 2024","Thu Apr 04 16:46:14 GMT 2024","1816","Dragon Tests","Smoke tests","tests.PaymentTest","tests.PaymentTest","testOpenChooseAProductModalByClickAGetButton","TC1359-03 - Opening the 'Choose a Product' Modal by Clicking 'Get' Button”.",""
"passed","Thu Apr 04 16:44:08 GMT 2024","Thu Apr 04 16:44:08 GMT 2024","212","Dragon Tests","Smoke tests","tests.NavigationTest","tests.NavigationTest","testNavigateToSubMenuItems","TC0002 Verify that the user can navigate within the application.",""
"passed","Thu Apr 04 16:34:06 GMT 2024","Thu Apr 04 16:34:23 GMT 2024","16492","Dragon Tests","Smoke tests","tests.BronzeSubscriptionTest","tests.BronzeSubscriptionTest","testChapterTestLimitValidation","TC1370-01 - User can’t run Chapters tests if the entered amount of questions exceeds the available amount of questions.","LMS-1370 Доступность для юзера чаптеров в тестах. Invalid. https://app.qase.io/case/LMS-1370 To verify that the user cannot run tests if the entered amount of questions exceeds the actual number of questions in the test section."
"passed","Thu Apr 04 16:34:48 GMT 2024","Thu Apr 04 16:35:05 GMT 2024","17058","Dragon Tests","Smoke tests","tests.BronzeSubscriptionTest","tests.BronzeSubscriptionTest","testRunChapterTestsUnderPartialAccess","TC1371-01 - Running Chapters tests under a Bronze subscription with partial test access. Valid.","LMS-1371 Доступность для юзера чаптеров в тестах. Valid. https://app.qase.io/case/LMS-1371 . To verify the user's ability to start a chapters tests when the entered number of questions does not exceed the available questions in the test"
"passed","Thu Apr 04 16:36:57 GMT 2024","Thu Apr 04 16:37:09 GMT 2024","11827","Dragon Tests","Smoke tests","tests.FlashcardPacksTest","tests.FlashcardPacksTest","testUserCanLeaveYesMark","TC1368-02 - Possibility to leave a “Yes” mark.","LMS-1368 Возможность оставлять пометки yes. https://app.qase.io/plan/LMS/1?case=1368  Duplicate LMS-1390 Логика Yes 1 https://app.qase.io/plan/LMS/1?case=1390 Objective: Verify that the user can successfully leave a 'Yes' mark on a flashcard when the card is turned."
"passed","Thu Apr 04 16:40:27 GMT 2024","Thu Apr 04 16:40:43 GMT 2024","15644","Dragon Tests","Smoke tests","tests.FlashcardsLogicTest","tests.FlashcardsLogicTest","testYes5Kinda3No3Logic","TC1398-1397-1401 - В разделе Home в блоке Performance количество Flashcards отмеченных 'Yes/Kinda/No' увеличилось на 1.","LMS-1398 Логика Yes 5. https://app.qase.io/plan/LMS/1?case=1398LMS-1397 Логика Kinda 3. https://app.qase.io/plan/LMS/1?case=1397LMS-1401 Логика No 3. https://app.qase.io/plan/LMS/1?case=1401Нажать Yes/Kinda/No. В разделе Home в блоке Performance количество Flashcards отмеченных 'Yes/Kinda/No' увеличилось на 1."
"passed","Thu Apr 04 16:47:24 GMT 2024","Thu Apr 04 16:47:40 GMT 2024","15813","Dragon Tests","Smoke tests","tests.PerformanceTest","tests.PerformanceTest","testDisplayingStatisticsForTests","ТC1356-02 - Displaying Statistics for Tests.","LMS-1356 Получение статистики по тестам. https://app.qase.io/plan/LMS/1?case=1356   Objective: To confirm the accurate display of statistics for Tests in the Performance section."
"passed","Thu Apr 04 16:45:15 GMT 2024","Thu Apr 04 16:45:17 GMT 2024","1882","Dragon Tests","Smoke tests","tests.PaymentTest","tests.PaymentTest","testClickOnTheLifeTimeButton","TC1359-04 - Purchasing Lifetime Course (Gold package)",""
"passed","Thu Apr 04 16:45:26 GMT 2024","Thu Apr 04 16:46:03 GMT 2024","37469","Dragon Tests","Smoke tests","tests.PaymentTest","tests.PaymentTest","testE2EPurchaseLifeTimeCourse","TC1359-06 - Submitting Payment with Valid Credit Card",""
"passed","Thu Apr 04 16:51:11 GMT 2024","Thu Apr 04 16:51:14 GMT 2024","3020","Dragon Tests","Smoke tests","tests.TestTimedTest","tests.TestTimedTest","testRunTimedMode","TC1345-01 - Execute Timed Mode with a randomly selected test","LMS-1345 Запуск timed. https://app.qase.io/case/LMS-1345  Objective: To verify that the user can select section Tests and activate the 'Timed' mode and run the test."
"passed","Thu Apr 04 16:46:22 GMT 2024","Thu Apr 04 16:46:23 GMT 2024","438","Dragon Tests","Smoke tests","tests.PaymentTest","tests.PaymentTest","testProfilePageDisplaysBuyNewCourseHeaders","TC1359-01 - Profile Page has Course Purchase course options.",""
"passed","Thu Apr 04 16:49:21 GMT 2024","Thu Apr 04 16:50:09 GMT 2024","48178","Dragon Tests","Smoke tests","tests.StudyThisTest","tests.StudyThisTest","testAbilityToChooseWeakestAreas","TC1342-02 The User can select 1-3 domains/chapters to study when his account has 3 worst domains/chapters.","LMS-1342 Отработка секции study this. https://app.qase.io/plan/LMS/1?case=1342Objective: To verify the user's ability to select 1-3 domains/chapters from the list when their account contains the three least proficient knowledge domains/chapters."
"passed","Thu Apr 04 16:46:31 GMT 2024","Thu Apr 04 16:46:35 GMT 2024","3273","Dragon Tests","Smoke tests","tests.PaymentTest","tests.PaymentTest","testPurchaseButtonOpensStripeElement","TC1359-05 - Inputting Payment Information After Clicking 'Purchase'",""
"passed","Thu Apr 04 16:35:30 GMT 2024","Thu Apr 04 16:35:38 GMT 2024","7676","Dragon Tests","Smoke tests","tests.FlashcardPacksTest","tests.FlashcardPacksTest","testAddToFlashCard","TC1349-01 - User can mark cards for re-checking (“Add to flashcards”).","LMS-1349 Возможность для юзера добавлять во флешкарточки. https://app.qase.io/plan/LMS/1?case=1349 Objective: To confirm the user's ability to mark cards for re-checking and verify the increased amount within the 'Marked for re-checking' flashcard section."
"passed","Thu Apr 04 16:38:59 GMT 2024","Thu Apr 04 16:39:13 GMT 2024","14104","Dragon Tests","Smoke tests","tests.FlashcardsLogicTest","tests.FlashcardsLogicTest","testYes3Logic","TC1392-01 - 'Learned' should increased by 1 after leaving a “Yes” mark.","LMS-1392 Логика Yes 3. https://app.qase.io/plan/LMS/1?case=1392Нажать Yes. При завершении стопки количество Learned увеличивается на 1."
"passed","Thu Apr 04 16:42:55 GMT 2024","Thu Apr 04 16:42:59 GMT 2024","3541","Dragon Tests","Smoke tests","tests.HomeTest","tests.HomeTest","testTheSingleNonActiveCheckboxCanBeChecked","TC1341-01 - The single non-active Checkbox can be checked.","LMS-1341 Нажатие чекбоксов, https://app.qase.io/plan/LMS/1?case=1341   To verify that a non-active checkbox can be successfully checked."
"passed","Thu Apr 04 16:47:56 GMT 2024","Thu Apr 04 16:47:59 GMT 2024","2866","Dragon Tests","Smoke tests","tests.SearchTest","tests.SearchTest","testSearchByExistingWord","TC1361-02 - Displaying All Matches for the Searched Keyword.","LMS-1361 Поиск по конкретному слову. https://app.qase.io/plan/LMS/1?case=1361   Objective: To confirm that searching a keyword displays all partial or full matches under the Search field."
"passed","Thu Apr 04 16:39:22 GMT 2024","Thu Apr 04 16:39:35 GMT 2024","12350","Dragon Tests","Smoke tests","tests.FlashcardsLogicTest","tests.FlashcardsLogicTest","testYes4Kinda2No2Logic","TC1393-1396-1400 - В 'Show all flashcards'/'Yes/Kinda/No' отображается отмеченная карточка.","LMS-1393 Логика Yes 4. https://app.qase.io/plan/LMS/1?case=1393LMS-1396 Логика Kinda 2. https://app.qase.io/plan/LMS/1?case=1396LMS-1400 Логика No 2. https://app.qase.io/plan/LMS/1?case=1400Нажать 'Yes/Kinda/No'. В 'Show all flashcards'/'Yes/Kinda/No' отображается отмеченная карточка."
"passed","Thu Apr 04 16:35:46 GMT 2024","Thu Apr 04 16:35:53 GMT 2024","6963","Dragon Tests","Smoke tests","tests.FlashcardPacksTest","tests.FlashcardPacksTest","testFlashCardTurnedAfterClickingShowAnswerButton","TC1368-01 - Flashcard turned when clicking the “Show Answer” button.","LMS-1368 Возможность оставлять пометки yes. https://app.qase.io/plan/LMS/1?case=1368  Objective: Verify that the user can see the Answer when the flashcard is turned."
"passed","Thu Apr 04 16:52:09 GMT 2024","Thu Apr 04 16:52:13 GMT 2024","3962","Dragon Tests","Smoke tests","tests.TestTutorTest","tests.TestTutorTest","testUserCanMarkTheCard","TC1350-01 User can mark the card.","LMS-1350 возможность для юзера помечать, https://app.qase.io/plan/LMS/1?case=1350   Objective: To confirm the functionality allowing the user to mark a card for review and verify the change in the button's label from 'Mark for review' to 'Remove from marked.'"
"passed","Thu Apr 04 16:36:14 GMT 2024","Thu Apr 04 16:36:26 GMT 2024","11800","Dragon Tests","Smoke tests","tests.FlashcardPacksTest","tests.FlashcardPacksTest","testUserCanLeaveKindaMark","TC1373-01 - Possibility to leave a “Kinda” mark.","LMS-1373 Возможность оставлять пометки kinda. https://app.qase.io/plan/LMS/1?case=1373Objective: Verify that the user can successfully leave a 'Kinda' mark on a flashcard when the card is turned."
"passed","Thu Apr 04 16:41:16 GMT 2024","Thu Apr 04 16:41:31 GMT 2024","14992","Dragon Tests","Smoke tests","tests.FlashcardsLogicTest","tests.FlashcardsLogicTest","testYes5Kinda3No3Logic","TC1398-1397-1401 - В разделе Home в блоке Performance количество Flashcards отмеченных 'Yes/Kinda/No' увеличилось на 1.","LMS-1398 Логика Yes 5. https://app.qase.io/plan/LMS/1?case=1398LMS-1397 Логика Kinda 3. https://app.qase.io/plan/LMS/1?case=1397LMS-1401 Логика No 3. https://app.qase.io/plan/LMS/1?case=1401Нажать Yes/Kinda/No. В разделе Home в блоке Performance количество Flashcards отмеченных 'Yes/Kinda/No' увеличилось на 1."
"passed","Thu Apr 04 16:45:06 GMT 2024","Thu Apr 04 16:45:06 GMT 2024","476","Dragon Tests","Smoke tests","tests.PaymentTest","tests.PaymentTest","testAddNewCourseButtonNavigation","TC1359-02 - Opening the 'Add New Course' Page from Profile",""
"passed","Thu Apr 04 16:41:39 GMT 2024","Thu Apr 04 16:41:47 GMT 2024","7705","Dragon Tests","Smoke tests","tests.HomeTest","tests.HomeTest","testDeactivationOfActiveSingleCheckbox","TC1341-02 - Deactivation of Already Active single Checkbox.","LMS-1341 Нажатие чекбоксов, https://app.qase.io/plan/LMS/1?case=1341To verify the functionality where an active checkbox becomes inactive upon being clicked again."
"passed","Thu Apr 04 16:51:47 GMT 2024","Thu Apr 04 16:51:49 GMT 2024","1434","Dragon Tests","Smoke tests","tests.TestTutorTest","tests.TestTutorTest","testTheSingleCheckboxCanBeCheckedOnTestListPage","TC1344-01 The single non-active Checkbox can be checked on TestList Page.","LMS-1344 Запуск tutor. https://app.qase.io/case/LMS-1344Objective: To verify that a non-active checkbox ca be successfully checked."
"passed","Thu Apr 04 16:44:34 GMT 2024","Thu Apr 04 16:44:34 GMT 2024","218","Dragon Tests","Smoke tests","tests.NavigationTest","tests.NavigationTest","testNavigateToSubMenuItems","TC0002 Verify that the user can navigate within the application.",""
"passed","Thu Apr 04 16:44:43 GMT 2024","Thu Apr 04 16:44:43 GMT 2024","200","Dragon Tests","Smoke tests","tests.NavigationTest","tests.NavigationTest","testNavigateToSubMenuItems","TC0002 Verify that the user can navigate within the application.",""
"passed","Thu Apr 04 16:44:17 GMT 2024","Thu Apr 04 16:44:17 GMT 2024","215","Dragon Tests","Smoke tests","tests.NavigationTest","tests.NavigationTest","testNavigateToSubMenuItems","TC0002 Verify that the user can navigate within the application.",""
"passed","Thu Apr 04 16:39:44 GMT 2024","Thu Apr 04 16:39:56 GMT 2024","12291","Dragon Tests","Smoke tests","tests.FlashcardsLogicTest","tests.FlashcardsLogicTest","testYes4Kinda2No2Logic","TC1393-1396-1400 - В 'Show all flashcards'/'Yes/Kinda/No' отображается отмеченная карточка.","LMS-1393 Логика Yes 4. https://app.qase.io/plan/LMS/1?case=1393LMS-1396 Логика Kinda 2. https://app.qase.io/plan/LMS/1?case=1396LMS-1400 Логика No 2. https://app.qase.io/plan/LMS/1?case=1400Нажать 'Yes/Kinda/No'. В 'Show all flashcards'/'Yes/Kinda/No' отображается отмеченная карточка."
"passed","Thu Apr 04 16:48:58 GMT 2024","Thu Apr 04 16:49:01 GMT 2024","2698","Dragon Tests","Smoke tests","tests.StudyGuideTest","tests.StudyGuideTest","testHighlightingMultipleWords","TC1363-02 - Highlighting Multiple Words","LMS-1363 Выделение части текста. https://app.qase.io/case/LMS-1363   To confirm that the user can successfully highlight multiple words"
"passed","Thu Apr 04 16:48:19 GMT 2024","Thu Apr 04 16:48:28 GMT 2024","8563","Dragon Tests","Smoke tests","tests.StudyGuideAdminTest","tests.StudyGuideAdminTest","testTextContentChanges","TC1360-01 - The user sees that the changes made in the admin site Study Guide appear on the user website.","LMS-TC1360-01 User is able to see the Study Guide text. https://app.qase.io/plan/LMS/1?case=1360   Objective:  To verify that user is able to see the study guide text."
"passed","Thu Apr 04 16:38:17 GMT 2024","Thu Apr 04 16:38:29 GMT 2024","11900","Dragon Tests","Smoke tests","tests.FlashcardsLogicTest","tests.FlashcardsLogicTest","testYes2Kinda1No1Logic","TC1391-1395-1399 - Possibility to leave a “Yes/Kinda/No” mark and see the next card.","LMS-1391 Логика Yes 2. https://app.qase.io/plan/LMS/1?case=1391LMS-1395 Логика Kinda 1. https://app.qase.io/plan/LMS/1?case=1395LMS-1399 Логика No 1. https://app.qase.io/plan/LMS/1?case=1399Objective: Verify that the user can successfully leave a 'Yes/Kinda/No' mark and next flashcard would be shown if there more cards in the pack."
"passed","Thu Apr 04 16:47:45 GMT 2024","Thu Apr 04 16:47:47 GMT 2024","2312","Dragon Tests","Smoke tests","tests.PerformanceTest","tests.PerformanceTest","testShowDropdownMenuInPerformanceSection","ТC1356-01 - The dropdown filter menu has filter options.","LMS-1356 Получение статистики по тестам. https://app.qase.io/plan/LMS/1?case=1356  Objective: To confirm the display of statistics for Tests in the Performance section."
"passed","Thu Apr 04 16:51:58 GMT 2024","Thu Apr 04 16:52:01 GMT 2024","3135","Dragon Tests","Smoke tests","tests.TestTutorTest","tests.TestTutorTest","testTutorModeWithRandomCheckboxInDomain","TC1344-02 Execute Tutor Mode with a randomly selected checkbox in the Domain section.","LMS-1344 Запуск tutor. https://app.qase.io/case/LMS-1344Objective: To verify that User can successfully activate Tutor mode by checking a random checkbox in the Domain section and entering valid data in the ‘Number of Questions’ field."
"passed","Thu Apr 04 16:53:12 GMT 2024","Thu Apr 04 16:53:27 GMT 2024","14968","Dragon Tests","Smoke tests","tests.TestTutorTest","tests.TestTutorTest","testTutorModeWithRandomCheckboxInChapter","TC1344-03 - Execute Tutor Mode with a randomly selected checkbox in the Chapter section","LMS-1344 Запуск tutor. https://app.qase.io/case/LMS-1344Objective: To verify that the User can successfully activate Tutor mode by checking a random checkboxin the Chapter section and entering valid data in the ‘Number of Questions’ field"
"passed","Thu Apr 04 16:37:18 GMT 2024","Thu Apr 04 16:37:45 GMT 2024","27437","Dragon Tests","Smoke tests","tests.FlashcardsLogicTest","tests.FlashcardsLogicTest","testYes1Logic","TC1390-01 - Possibility to leave a “Yes” mark and get points.","LMS-1390 Логика Yes 1. https://app.qase.io/plan/LMS/1?case=1390Нажать Yes. При завершении стопки начисляются поинты."
"unknown","Thu Apr 04 16:33:19 GMT 2024","Thu Apr 04 16:33:19 GMT 2024","4","Dragon Tests","Smoke tests","tests.StudyGuideTest","tests.StudyGuideTest","testCreatingANote","TC1362-01 - Creating a Note","LMS-1362 Создание заметок. https://app.qase.io/case/LMS-1362  To verify that the User can successfully create a note"
"passed","Thu Apr 04 16:41:56 GMT 2024","Thu Apr 04 16:42:06 GMT 2024","9919","Dragon Tests","Smoke tests","tests.HomeTest","tests.HomeTest","testDeactivationOfSingleCheckboxWhenAllOthersAreActive","TC1341-03 - Deactivation of a single Already Active Checkbox when all checkboxes are active.","LMS-1341 Нажатие чекбоксов, https://app.qase.io/plan/LMS/1?case=1341To verify the functionality when all checkboxes are checked, and a single active checkbox becomes inactive upon clicking again."
"passed","Thu Apr 04 16:40:06 GMT 2024","Thu Apr 04 16:40:18 GMT 2024","12320","Dragon Tests","Smoke tests","tests.FlashcardsLogicTest","tests.FlashcardsLogicTest","testYes4Kinda2No2Logic","TC1393-1396-1400 - В 'Show all flashcards'/'Yes/Kinda/No' отображается отмеченная карточка.","LMS-1393 Логика Yes 4. https://app.qase.io/plan/LMS/1?case=1393LMS-1396 Логика Kinda 2. https://app.qase.io/plan/LMS/1?case=1396LMS-1400 Логика No 2. https://app.qase.io/plan/LMS/1?case=1400Нажать 'Yes/Kinda/No'. В 'Show all flashcards'/'Yes/Kinda/No' отображается отмеченная карточка."
"passed","Thu Apr 04 16:48:07 GMT 2024","Thu Apr 04 16:48:11 GMT 2024","3558","Dragon Tests","Smoke tests","tests.SearchTest","tests.SearchTest","testSearchByNotExistingWord","TC1361-01 - Typing of not found text gives 'Nothing found. Try to use other keywords' message.","LMS-1361 Поиск по конкретному слову. https://app.qase.io/plan/LMS/1?case=1361Objective: To confirm the display of the 'Nothing found. Try to use other keywords' message when a non-existent keyword is typed."
"passed","Thu Apr 04 16:52:22 GMT 2024","Thu Apr 04 16:52:25 GMT 2024","3593","Dragon Tests","Smoke tests","tests.TestTutorTest","tests.TestTutorTest","testUserCanSeeTheRightAnswerAndTheExplanation","TC1348-01 User can see the right answer and the explanation.","LMS-1348 Видимость для юзера ответа. https://app.qase.io/case/LMS-1348Objective: To ensure that the user can view the correct answer highlighted in greenand an explanation provided below the answer choices."
"passed","Thu Apr 04 16:46:44 GMT 2024","Thu Apr 04 16:47:14 GMT 2024","29892","Dragon Tests","Smoke tests","tests.PerformanceTest","tests.PerformanceTest","testDisplayingStatisticsForAllFlashcards","TC1357-01 - Displaying Statistics for All Flashcards.","LMS-1357 Получение статистики по стопкам. https://app.qase.io/plan/LMS/1?case=1357   Objective: To confirm the accurate display of statistics for all flashcards in the Performance section."
"passed","Thu Apr 04 16:37:55 GMT 2024","Thu Apr 04 16:38:07 GMT 2024","11938","Dragon Tests","Smoke tests","tests.FlashcardsLogicTest","tests.FlashcardsLogicTest","testYes2Kinda1No1Logic","TC1391-1395-1399 - Possibility to leave a “Yes/Kinda/No” mark and see the next card.","LMS-1391 Логика Yes 2. https://app.qase.io/plan/LMS/1?case=1391LMS-1395 Логика Kinda 1. https://app.qase.io/plan/LMS/1?case=1395LMS-1399 Логика No 1. https://app.qase.io/plan/LMS/1?case=1399Objective: Verify that the user can successfully leave a 'Yes/Kinda/No' mark and next flashcard would be shown if there more cards in the pack."
"passed","Thu Apr 04 16:33:54 GMT 2024","Thu Apr 04 16:33:55 GMT 2024","830","Dragon Tests","Smoke tests","tests.BronzeSubscriptionTest","tests.BronzeSubscriptionTest","testBronzeSubscriptionCourseShouldBeActive","TC1369-00 - Verify if the active course is on the Bronze plan.","LMS-1369, LMS-1370, LMS-1371, LMS-1346 Pretest for Bronze subscription. To verify that a user account has an active Bronze subscription course.
"
"passed","Thu Apr 04 16:43:39 GMT 2024","Thu Apr 04 16:43:40 GMT 2024","1389","Dragon Tests","Smoke tests","tests.MnemonicCardPracticeTest","tests.MnemonicCardPracticeTest","testOpeningMnemonicCardAfterStartingPractice","TC1355-02 - Opening Mnemonic Card after Starting Practice.","LMS-1355 Получение карточек. https://app.qase.io/plan/LMS/1?case=1355  Objective: To verify that the user can successfully open any Mnemonic Card after clicking the Start Practice button."
"passed","Thu Apr 04 16:33:28 GMT 2024","Thu Apr 04 16:33:29 GMT 2024","962","Dragon Tests","Smoke tests","tests.NewCustomerStreaksTest","tests.NewCustomerStreaksTest","testStreaksModalWindowIsAppeared","TC1343-01 - Verification “Streaks” modal window appears.","LMS-1343 Отработка streaks. https://app.qase.io/plan/LMS/1?case=1343   Objective: To verify that the modal window will be opened after clicking on the “Streaks” button."
"unknown","Thu Apr 04 16:33:19 GMT 2024","Thu Apr 04 16:33:19 GMT 2024","0","Dragon Tests","Smoke tests","tests.TestTutorTest","tests.TestTutorTest","testSuccessfulReportSubmission","TC1351-01 - Successful Report Submission by User.","LMS-1351 Возможность для юзера отправлять репорты. https://app.qase.io/case/LMS-1351Objective: To validate that users can report problems successfully by initiating the 'Report a Problem' function."
"passed","Thu Apr 04 16:44:57 GMT 2024","Thu Apr 04 16:44:58 GMT 2024","327","Dragon Tests","Smoke tests","tests.NavigationTest","tests.NavigationTest","testNavigateToSubMenuItems","TC0002 Verify that the user can navigate within the application.",""
"passed","Thu Apr 04 16:38:38 GMT 2024","Thu Apr 04 16:38:50 GMT 2024","11990","Dragon Tests","Smoke tests","tests.FlashcardsLogicTest","tests.FlashcardsLogicTest","testYes2Kinda1No1Logic","TC1391-1395-1399 - Possibility to leave a “Yes/Kinda/No” mark and see the next card.","LMS-1391 Логика Yes 2. https://app.qase.io/plan/LMS/1?case=1391LMS-1395 Логика Kinda 1. https://app.qase.io/plan/LMS/1?case=1395LMS-1399 Логика No 1. https://app.qase.io/plan/LMS/1?case=1399Objective: Verify that the user can successfully leave a 'Yes/Kinda/No' mark and next flashcard would be shown if there more cards in the pack."
"passed","Thu Apr 04 16:35:16 GMT 2024","Thu Apr 04 16:35:20 GMT 2024","4577","Dragon Tests","Smoke tests","tests.BronzeSubscriptionTest","tests.BronzeSubscriptionTest","testRunDomainsTestsUnderPartialAccess","TC1369-01 - Running Domains tests under a Bronze subscription with partial test access. Valid.","LMS-1369 Доступность для юзера доменов в тестах. Valid. https://app.qase.io/case/LMS-1369 .To ensure the user can start a domains tests only if the number of questions they enter is within the available question count."
"passed","Thu Apr 04 16:43:59 GMT 2024","Thu Apr 04 16:43:59 GMT 2024","51","Dragon Tests","Smoke tests","tests.NavigationTest","tests.NavigationTest","testLoginNavigation","TC0001 Verify that the user can land on the home page.",""
"passed","Thu Apr 04 16:40:52 GMT 2024","Thu Apr 04 16:41:07 GMT 2024","15136","Dragon Tests","Smoke tests","tests.FlashcardsLogicTest","tests.FlashcardsLogicTest","testYes5Kinda3No3Logic","TC1398-1397-1401 - В разделе Home в блоке Performance количество Flashcards отмеченных 'Yes/Kinda/No' увеличилось на 1.","LMS-1398 Логика Yes 5. https://app.qase.io/plan/LMS/1?case=1398LMS-1397 Логика Kinda 3. https://app.qase.io/plan/LMS/1?case=1397LMS-1401 Логика No 3. https://app.qase.io/plan/LMS/1?case=1401Нажать Yes/Kinda/No. В разделе Home в блоке Performance количество Flashcards отмеченных 'Yes/Kinda/No' увеличилось на 1."
"passed","Thu Apr 04 16:50:22 GMT 2024","Thu Apr 04 16:50:52 GMT 2024","30550","Dragon Tests","Smoke tests","tests.StudyThisTest","tests.StudyThisTest","testAbilityToStudyWeakestAreas","TC1342-03 The User can study 1-3  domains/chapters when his account has 3 worst domains/chapters.","LMS-1342 Отработка секции study this. https://app.qase.io/plan/LMS/1?case=1342Objective: To verify the user's ability to select 1-3 domains/chapters from the list when their account contains the three least proficient knowledge domains/chapters."
"passed","Thu Apr 04 16:42:15 GMT 2024","Thu Apr 04 16:42:45 GMT 2024","30576","Dragon Tests","Smoke tests","tests.HomeTest","tests.HomeTest","testE2EDeactivationCheckboxWithAllCheckboxesActive","TC1341-04-E2E - Deactivation of a single Already Active Checkbox when all checkboxes are active does not impact the main checkbox functionality.","LMS-1341 Нажатие чекбоксов, https://app.qase.io/plan/LMS/1?case=1341To verify that the deactivated single checkbox can be checked again and the amount of points is decreasing and increasing accordingly."
"passed","Thu Apr 04 16:43:49 GMT 2024","Thu Apr 04 16:43:51 GMT 2024","1673","Dragon Tests","Smoke tests","tests.MnemonicCardsTest","tests.MnemonicCardsTest","testUserCanRunAnyAvailableMnemonicCardsPack","TC1355-01 - User can run any available Mnemonic cards pack.","LMS-1355 Получение карточек. https://app.qase.io/plan/LMS/1?case=1355Objective: To verify that the user can successfully access and open any available Mnemonic cards pack."
"passed","Thu Apr 04 16:49:10 GMT 2024","Thu Apr 04 16:49:12 GMT 2024","2465","Dragon Tests","Smoke tests","tests.StudyGuideTest","tests.StudyGuideTest","testTestIsRunWhenOpenFromStudyGuide","TC1364-01 - Running Test in Study Guide with Gold Subscription","LMS-1364 Запуск тестов. https://app.qase.io/case/LMS-1364   Objective: To confirm that users with a Gold subscription can successfully run a test in the Study Guide section."
"failed","Thu Apr 04 16:48:40 GMT 2024","Thu Apr 04 16:48:48 GMT 2024","7480","Dragon Tests","Smoke tests","tests.StudyGuideTest","tests.StudyGuideTest","testExecutingWordHighlightingByDoubleClick","TC1363-01 - Executing Word Highlighting by Double Click","LMS-1363 Выделение части текста. https://app.qase.io/case/LMS-1363   To confirm the user's ability to successfully highlight a word"
"passed","Thu Apr 04 16:52:34 GMT 2024","Thu Apr 04 16:53:02 GMT 2024","27637","Dragon Tests","Smoke tests","tests.TestTutorTest","tests.TestTutorTest","testUserIsAbleToRetrieveTestResults","TC1352-01 Verify the user is able to retrieve test results.","LMS-1352 Возможность получать результаты. https://app.qase.io/project/LMS?suite=179&case=1352   Objective: To confirm that users can access their test results successfully."
"passed","Thu Apr 04 16:44:25 GMT 2024","Thu Apr 04 16:44:26 GMT 2024","249","Dragon Tests","Smoke tests","tests.NavigationTest","tests.NavigationTest","testNavigateToSubMenuItems","TC0002 Verify that the user can navigate within the application.",""
"passed","Thu Apr 04 16:51:23 GMT 2024","Thu Apr 04 16:51:38 GMT 2024","14694","Dragon Tests","Smoke tests","tests.TestTutorTest","tests.TestTutorTest","testAfterMarkingTheCardTheNumberOfMarkedCardsIncreasedBy1","TC1350-02 After marking the card, the number of marked cards increased by 1.","LMS-1350 возможность для юзера помечать., https://app.qase.io/plan/LMS/1?case=1350  Objective: To confirm the functionality allowing the user to mark a card for review and the amount of marked cards increased by 1."
